precision,recall,f1-score,support
0.24063400576368876,0.23066298342541436,0.23554301833568408,724.0
0.7307878202029966,0.7415399705738107,0.7361246348588121,2039.0
0.6076728193992038,0.6076728193992038,0.6076728193992038,0.6076728193992038
0.4857109129833427,0.48610147699961254,0.48583382659724805,2763.0
0.6023508453010571,0.6076728193992038,0.6049552210467437,2763.0
