,precision,recall,f1-score,support
Covid (Class 0),0.27157001414427157,0.26519337016574585,0.2683438155136268,724.0
Normal (Class 1),0.7412451361867705,0.7474252084355076,0.7443223443223442,2039.0
accuracy,0.6210640608034745,0.6210640608034745,0.6210640608034745,0.6210640608034745
macro avg,0.506407575165521,0.5063092893006267,0.5063330799179855,2763.0
weighted avg,0.6181742753982186,0.6210640608034745,0.6195997765128938,2763.0
