precision,recall,f1-score,support
0.2496551724137931,0.25,0.24982746721877155,724.0
0.7335623159960746,0.73320255026974,0.733382389011528,2039.0
0.6065870430691278,0.6065870430691278,0.6065870430691278,0.6065870430691278
0.49160874420493383,0.49160127513487,0.4916049281151498,2763.0
0.6067621813766132,0.6065870430691278,0.6066745484838567,2763.0
